,mesh,nodes,dense_memory_kb,sparse_memory_kb,dense_solve_time,sparse_solve_time,nonzeros,memory_reduction,speedup_rate
0,5x5,25,4.8828125,0.81640625,8.769999999991285e-05,8.469999999949351e-05,61,83.28,1.0354191263333798
1,9x9,81,51.2578125,3.56640625,0.00010269999999934498,0.0002127000000005097,277,93.04221917390642,0.4828396802966567
2,17x17,289,652.5078125,15.06640625,0.0014046999999992593,0.00043880000000040553,1189,97.69099986829659,3.201230628983503
3,33x33,1089,9265.0078125,62.06640625,0.023813599999999546,0.0014079999999996318,4933,99.33009871652496,16.913068181822283
4,43x43,1849,26709.3828125,107.69140625,0.08024890000000084,0.0026906000000002095,8573,99.59680308973819,29.825652270866943
5,50x50,2500,48828.125,147.06640625,0.2310578999999997,0.0031432000000002347,11716,99.698808,73.51040341053145
